{
    "back": {
        "0": {
            "box": [
                521.0,
                0.0,
                1280.0,
                645.0
            ],
            "conf": 0.2585441768169403,
            "cls_name": "airplane",
            "angle": 338.08527719156916,
            "distance": 219.0
        },
        "1": {
            "box": [
                680.0,
                394.0,
                1063.0,
                657.0
            ],
            "conf": 0.39343327283859253,
            "cls_name": "truck",
            "angle": 339.1576130947488,
            "distance": 219.0
        }
    },
    "front": {
        "0": {
            "box": [
                285.0,
                287.0,
                709.0,
                501.0
            ],
            "conf": 0.7441205382347107,
            "cls_name": "car",
            "angle": 174.17769896643904,
            "distance": 968.0
        }
    }
}